1,Unnamed: 1,,,,,,,,,,,,,,,,,,,,,,,,,,,,,,,,,,,,,,,,,,,,,,,,,,,,,,,,,,,,,
2,2009/10,TOTAL STUDENTS,-,"8,786","28,145","127,628","6,920","7,716","9,548","8,034","104,897","6,943",-,-,"24,842","5,384",-,"6,190","13,450","11,233","6,568","5,222","4,827","15,810","72,153",-,"26,685","8,531","12,397","8,861","4,958","13,112",,,,,,,,,,,,,,,,,,,,,,,,,,,,,,
3,Unnamed: 3,Business/ Mgmt.,-,28.3,15.0,24.3,20.8,29.3,24.7,31.9,15.3,36.7,-,-,20.9,17.2,-,21.5,21.6,26.2,19.0,24.5,27.5,22.1,17.0,-,25.5,26.6,18.6,19.6,28.7,39.7,,,,,,,,,,,,,,,,,,,,,,,,,,,,,,
4,Unnamed: 4,Education,-,3.0,12.0,1.9,3.8,1.2,1.8,1.2,0.7,2.5,-,-,3.4,4.6,-,3.0,3.5,0.8,1.5,2.7,2.6,2.0,3.9,-,5.8,3.1,3.7,4.7,3.0,1.6,,,,,,,,,,,,,,,,,,,,,,,,,,,,,,
5,Unnamed: 5,Engineering*,-,8.3,7.1,20.2,17.5,13.4,8.3,9.4,38.8,18.8,-,-,4.4,10.6,-,28.4,16.6,13.8,23.6,23.2,6.2,24.0,12.6,-,16.6,18.8,23.3,5.1,15.9,10.8,,,,,,,,,,,,,,,,,,,,,,,,,,,,,,
6,Unnamed: 6,Fine/ Applied Arts,-,7.3,6.4,2.8,5.9,3.7,4.5,6.1,1.4,5.8,-,-,8.8,2.3,-,3.1,7.0,1.4,1.8,2.5,5.4,1.2,10.8,-,7.7,3.7,3.6,6.9,5.0,2.6,,,,,,,,,,,,,,,,,,,,,,,,,,,,,,
7,Unnamed: 7,Health Professions*,-,4.7,16.4,2.1,3.3,2.2,3.3,2.3,4.9,3.5,-,-,3.2,21.8,-,3.9,3.4,9.2,14.2,5.1,3.7,4.2,5.1,-,4.0,4.4,1.1,4.3,3.9,5.5,,,,,,,,,,,,,,,,,,,,,,,,,,,,,,
8,Unnamed: 8,Humanities,-,4.6,4.6,1.1,5.0,6.6,6.8,2.4,0.6,1.8,-,-,4.4,2.7,-,1.4,4.8,1.9,3.0,1.9,5.5,0.8,4.7,-,1.9,1.7,2.6,5.9,2.9,1.2,,,,,,,,,,,,,,,,,,,,,,,,,,,,,,
9,Unnamed: 9,Intensive English,-,3.7,0.2,4.9,4.6,1.3,0.6,2.1,0.2,0.4,-,-,11.3,0.2,-,0.7,1.8,0.2,0.2,0.9,1.8,21.4,4.9,-,4.6,4.4,4.7,0.3,8.3,6.3,,,,,,,,,,,,,,,,,,,,,,,,,,,,,,
10,Unnamed: 10,Math/ Computer Science*,-,3.3,2.5,10.7,3.7,3.3,3.5,4.9,19.8,6.3,-,-,2.9,4.9,-,6.0,4.5,11.7,5.6,10.7,6.7,9.6,5.2,-,5.8,8.3,10.0,2.8,3.1,9.4,,,,,,,,,,,,,,,,,,,,,,,,,,,,,,
11,Unnamed: 11,Physical/ Life Sciences*,-,6.1,7.4,12.6,9.6,6.6,7.5,7.4,10.2,5.3,-,-,5.7,11.6,-,10.5,6.6,15.8,11.8,6.1,12.0,4.1,7.6,-,9.4,7.1,7.9,8.1,6.4,6.8,,,,,,,,,,,,,,,,,,,,,,,,,,,,,,
12,Unnamed: 12,Social Sciences,-,9.3,11.8,6.7,9.9,7.7,11.7,13.8,3.0,6.2,-,-,13.2,8.0,-,8.0,9.4,6.0,7.0,9.5,10.5,2.5,10.0,-,7.1,7.0,12.6,15.6,6.1,3.4,,,,,,,,,,,,,,,,,,,,,,,,,,,,,,
13,Unnamed: 13,Other Fields of Study,-,18.1,13.2,10.1,13.8,16.3,19.4,12.8,4.2,10.7,-,-,17.0,13.9,-,9.2,15.0,11.2,10.5,9.6,15.8,5.3,14.1,-,9.8,12.6,9.7,18.9,14.7,9.2,,,,,,,,,,,,,,,,,,,,,,,,,,,,,,
14,Unnamed: 14,Undeclared,-,3.3,3.4,2.6,2.1,8.4,7.9,5.7,0.9,2.0,-,-,4.8,2.2,-,4.3,5.8,1.8,1.8,3.3,2.3,2.8,4.1,-,1.8,2.3,2.2,7.8,2.0,3.5,,,,,,,,,,,,,,,,,,,,,,,,,,,,,,
15,Unnamed: 15,,,,,,,,,,,,,,,,,,,,,,,,,,,,,,,,,,,,,,,,,,,,,,,,,,,,,,,,,,,,,
16,2010/11,TOTAL STUDENTS,-,"8,777","27,546","157,558","6,456","8,098","9,458","8,136","103,895","6,942",-,-,"21,290","4,666",-,"6,735","13,713","10,301","7,148","5,045","4,692","22,704","73,351",-,"24,818","8,236","12,184","8,947","5,491","14,888",,,,,,,,,,,,,,,,,,,,,,,,,,,,,,
17,Unnamed: 17,Business/ Mgmt.,-,26.1,15.3,27.5,20.1,30.7,26.7,31.2,15.2,30.2,-,-,19.8,17.1,-,19.8,21.7,23.5,18.6,21.5,28.0,18.4,17.0,-,23.4,24.2,17.3,19.9,26.6,41.3,,,,,,,,,,,,,,,,,,,,,,,,,,,,,,
18,Unnamed: 18,Education,-,2.9,9.1,2.1,3.5,1.1,2.1,1.4,1.0,2.8,-,-,3.4,4.5,-,2.1,3.7,1.1,1.5,2.8,3.2,2.0,3.7,-,4.9,2.7,3.7,4.3,2.7,1.7,,,,,,,,,,,,,,,,,,,,,,,,,,,,,,
19,Unnamed: 19,Engineering*,-,7.9,7.7,19.2,16.3,9.4,7.6,6.7,36.9,18.0,-,-,4.4,10.0,-,29.1,14.7,16.9,24.7,24.7,5.4,21.8,10.8,-,14.7,17.6,22.9,4.7,15.7,10.7,,,,,,,,,,,,,,,,,,,,,,,,,,,,,,
20,Unnamed: 20,Fine/ Applied Arts,-,7.9,7.8,3.4,6.0,4.9,4.4,8.4,1.3,8.1,-,-,8.6,1.7,-,3.4,7.5,1.2,1.9,2.1,7.6,1.1,12.2,-,11.5,6.6,4.0,6.4,5.5,2.6,,,,,,,,,,,,,,,,,,,,,,,,,,,,,,
21,Unnamed: 21,Health Professions*,-,5.5,16.1,2.0,3.0,1.9,3.0,2.5,4.9,4.0,-,-,3.9,19.6,-,3.9,2.9,8.1,13.9,5.0,3.4,5.3,5.4,-,3.7,4.5,1.2,4.5,3.5,5.2,,,,,,,,,,,,,,,,,,,,,,,,,,,,,,
22,Unnamed: 22,Humanities,-,4.7,4.8,1.2,5.2,7.8,7.3,3.5,0.6,2.8,-,-,5.4,3.8,-,2.1,4.9,1.2,3.2,2.1,7.0,1.3,4.6,-,2.1,1.7,3.1,6.2,2.2,2.4,,,,,,,,,,,,,,,,,,,,,,,,,,,,,,
23,Unnamed: 23,Intensive English,-,3.9,0.2,4.3,7.6,1.7,0.9,1.6,0.7,0.8,-,-,10.8,0.4,-,0.2,3.4,0.2,0.2,0.6,3.0,29.1,5.2,-,4.8,4.9,5.1,0.4,11.9,4.2,,,,,,,,,,,,,,,,,,,,,,,,,,,,,,
24,Unnamed: 24,Math/ Computer Science*,-,3.0,2.4,10.6,4.0,2.9,3.6,5.6,19.8,5.5,-,-,2.9,4.6,-,7.6,4.8,12.1,6.9,9.7,5.4,8.1,5.0,-,6.0,8.0,9.6,3.1,3.6,8.5,,,,,,,,,,,,,,,,,,,,,,,,,,,,,,
25,Unnamed: 25,Physical/ Life Sciences*,-,6.2,8.0,11.5,10.0,6.4,7.6,7.5,11.4,6.1,-,-,5.7,13.3,-,11.2,8.2,18.5,11.9,7.3,11.8,3.4,8.0,-,10.0,7.4,8.1,8.0,5.6,7.1,,,,,,,,,,,,,,,,,,,,,,,,,,,,,,
26,Unnamed: 26,Social Sciences,-,10.1,12.0,7.0,10.1,8.6,12.3,13.6,3.0,7.4,-,-,13.7,9.3,-,7.7,10.0,5.6,6.8,11.6,11.5,2.3,10.1,-,7.0,6.2,12.5,17.8,6.7,4.6,,,,,,,,,,,,,,,,,,,,,,,,,,,,,,
27,Unnamed: 27,Other Fields of Study,-,18.8,14.1,8.9,12.7,19.1,18.8,15.5,4.7,12.8,-,-,16.7,13.6,-,9.1,15.5,10.5,9.0,9.7,11.2,5.5,14.7,-,10.3,14.1,9.9,18.2,14.0,8.8,,,,,,,,,,,,,,,,,,,,,,,,,,,,,,
28,Unnamed: 28,Undeclared,-,3.0,2.5,2.3,1.5,5.5,5.7,2.5,0.5,1.5,-,-,4.7,2.1,-,3.8,2.7,1.1,1.4,2.9,2.5,1.7,3.3,-,1.6,2.1,2.6,6.5,2.0,2.9,,,,,,,,,,,,,,,,,,,,,,,,,,,,,,
29,Unnamed: 29,,,,,,,,,,,,,,,,,,,,,,,,,,,,,,,,,,,,,,,,,,,,,,,,,,,,,,,,,,,,,
30,2011/12,TOTAL STUDENTS,-,"9,029","26,821","194,029","6,295","8,232","9,347","8,032","100,270","7,131","6,982",-,"19,966",-,-,"6,743","13,893","9,621","7,028","4,600","4,805","34,139","72,295",-,"23,250","7,626","11,973","9,186","6,281","15,572",,,,,,,,,,,,,,,,,,,,,,,,,,,,,,
31,Unnamed: 31,Business/ Mgmt.,-,26.3,15.4,28.7,18.6,25.6,24.2,28.5,14.1,29.0,4.1,-,19.2,-,-,18.5,22.2,20.9,16.3,19.8,29.4,15.9,16.8,-,21.3,21.1,15.2,17.8,25.6,39.0,,,,,,,,,,,,,,,,,,,,,,,,,,,,,,
32,Unnamed: 32,Education,-,2.6,5.4,1.7,2.7,0.7,1.6,1.3,0.6,2.5,0.7,-,2.6,-,-,2.4,3.1,0.6,1.3,2.4,1.9,2.0,3.2,-,4.7,2.4,4.2,3.2,2.6,1.1,,,,,,,,,,,,,,,,,,,,,,,,,,,,,,
33,Unnamed: 33,Engineering*,-,7.9,7.7,19.6,15.0,13.7,7.6,7.2,36.7,19.0,58.4,-,4.6,-,-,27.0,17.0,17.8,22.7,24.7,6.9,18.4,12.2,-,17.0,18.0,25.1,4.9,15.5,9.6,,,,,,,,,,,,,,,,,,,,,,,,,,,,,,
34,Unnamed: 34,Fine/ Applied Arts,-,8.0,7.2,3.8,6.4,4.2,4.0,7.0,1.3,8.9,4.5,-,7.2,-,-,3.5,6.8,1.5,1.7,2.4,6.4,1.4,11.1,-,11.6,6.7,3.9,6.6,7.7,2.9,,,,,,,,,,,,,,,,,,,,,,,,,,,,,,
35,Unnamed: 35,Health Professions*,-,4.1,15.8,1.5,3.0,1.4,2.0,3.6,4.8,2.9,2.2,-,3.1,-,-,3.1,3.7,8.7,14.3,4.0,3.1,4.7,4.9,-,3.8,5.4,0.7,3.4,3.2,4.5,,,,,,,,,,,,,,,,,,,,,,,,,,,,,,
36,Unnamed: 36,Humanities,-,5.5,4.9,1.3,7.2,8.0,8.7,3.9,0.7,3.2,1.2,-,6.5,-,-,1.9,3.4,0.7,3.2,1.8,5.8,1.0,5.3,-,2.4,2.4,3.3,7.9,2.1,1.3,,,,,,,,,,,,,,,,,,,,,,,,,,,,,,
37,Unnamed: 37,Intensive English,-,2.8,0.0,2.8,5.5,1.4,0.3,1.3,0.1,1.0,0.8,-,12.1,-,-,0.2,2.6,0.1,0.4,0.1,2.1,36.3,4.3,-,3.6,3.5,4.1,0.2,10.4,2.9,,,,,,,,,,,,,,,,,,,,,,,,,,,,,,
38,Unnamed: 38,Math/ Computer Science*,-,3.2,2.7,11.2,3.4,3.9,3.8,5.8,21.7,4.8,9.5,-,2.8,-,-,8.1,3.9,11.6,7.4,9.0,6.8,6.7,5.1,-,6.2,7.5,9.7,2.5,2.9,7.1,,,,,,,,,,,,,,,,,,,,,,,,,,,,,,
39,Unnamed: 39,Physical/ Life Sciences*,-,6.1,8.5,9.9,9.7,5.8,7.9,7.0,11.4,5.7,9.1,-,5.7,-,-,13.4,6.4,19.2,12.5,7.8,12.1,3.0,7.8,-,10.6,8.3,8.8,7.1,4.8,6.8,,,,,,,,,,,,,,,,,,,,,,,,,,,,,,
40,Unnamed: 40,Social Sciences,-,10.8,13.8,7.7,10.4,9.2,13.1,15.0,3.2,8.6,4.3,-,13.5,-,-,8.6,8.8,5.4,7.3,11.6,10.9,2.6,11.5,-,6.8,7.2,14.4,16.8,7.0,4.5,,,,,,,,,,,,,,,,,,,,,,,,,,,,,,
41,Unnamed: 41,Other Fields of Study,-,19.6,15.8,9.6,15.0,20.1,21.0,16.4,4.3,12.1,4.3,-,18.5,-,-,10.4,16.8,10.4,9.4,11.1,11.4,6.2,14.6,-,10.4,15.4,8.8,24.1,14.3,10.5,,,,,,,,,,,,,,,,,,,,,,,,,,,,,,
42,Unnamed: 42,Undeclared,-,3.1,2.8,2.2,3.1,6.0,5.8,3.0,1.1,2.3,0.9,-,4.2,-,-,2.9,5.3,3.1,3.5,5.3,3.2,1.8,3.2,-,1.6,2.1,1.8,5.5,3.9,9.8,,,,,,,,,,,,,,,,,,,,,,,,,,,,,,
43,Unnamed: 43,,,,,,,,,,,,,,,,,,,,,,,,,,,,,,,,,,,,,,,,,,,,,,,,,,,,,,,,,,,,,
44,2012/13,TOTAL STUDENTS,-,"10,868","27,357","235,597","6,543","8,297","9,819","8,026","96,754","7,670","8,744",-,"19,568",-,-,"6,791","14,199","8,920","7,316",-,"4,898","44,566","70,627","5,033","21,867","7,314","11,278","9,467","6,158","16,098",,,,,,,,,,,,,,,,,,,,,,,,,,,,,,
45,Unnamed: 45,Business/ Mgmt.,-,23.8,15.8,29.0,19.0,24.9,26.0,27.4,13.7,29.6,4.7,-,17.4,-,-,18.2,21.5,19.0,15.5,-,28.2,17.1,16.4,22.1,20.9,21.4,15.1,17.7,29.3,38.1,,,,,,,,,,,,,,,,,,,,,,,,,,,,,,
46,Unnamed: 46,Education,-,1.9,6.9,1.7,2.6,0.9,1.6,1.0,0.5,2.0,1.3,-,2.4,-,-,2.2,3.3,1.0,1.7,-,1.9,2.8,3.1,2.1,3.8,2.2,3.7,3.2,2.2,1.1,,,,,,,,,,,,,,,,,,,,,,,,,,,,,,
47,Unnamed: 47,Engineering*,-,11.2,7.5,19.2,13.5,11.6,7.9,6.5,35.6,15.6,55.2,-,3.7,-,-,28.4,17.0,20.3,24.1,-,6.8,21.1,10.8,13.1,16.6,17.3,25.1,4.5,14.8,9.9,,,,,,,,,,,,,,,,,,,,,,,,,,,,,,
48,Unnamed: 48,Fine/ Applied Arts,-,8.9,8.8,4.9,8.9,6.6,4.2,10.3,1.7,9.5,5.4,-,8.1,-,-,4.3,8.9,1.5,2.3,-,9.4,2.1,13.4,9.3,12.9,10.1,5.7,8.6,8.4,3.5,,,,,,,,,,,,,,,,,,,,,,,,,,,,,,
49,Unnamed: 49,Health Professions*,-,3.1,15.0,1.3,2.3,1.5,2.3,3.4,4.7,2.3,2.3,-,2.8,-,-,2.9,2.9,9.4,12.5,-,2.5,5.6,5.0,2.1,3.6,4.1,0.7,4.0,2.7,4.3,,,,,,,,,,,,,,,,,,,,,,,,,,,,,,
50,Unnamed: 50,Humanities,-,3.4,4.1,1.0,5.5,6.9,6.9,3.0,0.5,1.7,1.0,-,5.8,-,-,1.7,3.4,1.1,2.3,-,5.0,1.5,4.1,11.2,2.1,1.4,2.7,6.6,2.1,1.2,,,,,,,,,,,,,,,,,,,,,,,,,,,,,,
51,Unnamed: 51,Intensive English,-,2.7,0.1,3.2,7.0,1.4,0.9,2.5,0.1,1.2,1.6,-,14.6,-,-,0.1,2.7,0.1,0.2,-,1.9,27.2,4.5,2.2,3.7,3.7,3.5,0.1,10.2,4.6,,,,,,,,,,,,,,,,,,,,,,,,,,,,,,
52,Unnamed: 52,Math/ Computer Science*,-,3.8,2.6,11.2,3.3,5.7,3.1,5.7,23.1,5.1,9.6,-,2.2,-,-,8.0,4.0,11.9,7.4,-,7.4,7.4,4.9,3.7,6.7,7.0,9.6,2.9,3.4,7.5,,,,,,,,,,,,,,,,,,,,,,,,,,,,,,
53,Unnamed: 53,Physical/ Life Sciences*,-,6.0,8.5,8.8,9.7,5.2,8.2,6.0,11.2,5.3,10.5,-,4.8,-,-,11.8,6.5,19.6,13.0,-,11.5,4.0,7.0,4.8,10.6,9.0,8.6,7.3,4.8,7.3,,,,,,,,,,,,,,,,,,,,,,,,,,,,,,
54,Unnamed: 54,Social Sciences,-,9.3,13.0,8.2,11.7,9.9,14.1,15.0,3.5,9.8,3.6,-,11.5,-,-,9.8,10.5,5.5,7.9,-,11.3,2.7,12.4,8.5,7.1,7.0,13.5,18.1,6.9,5.1,,,,,,,,,,,,,,,,,,,,,,,,,,,,,,
55,Unnamed: 55,Other Fields of Study,-,19.2,14.6,9.0,13.0,19.5,17.9,14.6,4.6,12.6,4.2,-,22.1,-,-,10.3,14.0,7.6,9.0,-,11.4,5.8,15.1,16.3,9.9,13.9,9.8,20.9,11.2,7.2,,,,,,,,,,,,,,,,,,,,,,,,,,,,,,
56,Unnamed: 56,Undeclared,-,6.7,3.1,2.5,3.5,5.9,6.9,4.6,0.8,5.3,0.6,-,4.6,-,-,2.3,5.3,3.0,4.1,-,2.7,2.7,3.3,4.6,2.1,2.9,2.0,6.1,4.0,10.2,,,,,,,,,,,,,,,,,,,,,,,,,,,,,,
57,Unnamed: 57,,,,,,,,,,,,,,,,,,,,,,,,,,,,,,,,,,,,,,,,,,,,,,,,,,,,,,,,,,,,,
58,2013/14,TOTAL STUDENTS,-,"13,286","28,304","274,439","7,083","8,302","10,160","8,104","102,673","7,920","10,194",-,"19,334",-,"7,288","6,822","14,779","8,155","7,921",-,-,"53,919","68,047","5,350","21,266","7,341","10,821","10,191","7,022","16,579",,,,,,,,,,,,,,,,,,,,,,,,,,,,,,
59,Unnamed: 59,Business/ Mgmt.,-,21.1,14.7,28.0,20.4,26.1,29.4,24.8,11.7,29.5,4.6,-,18.8,-,13.6,19.3,21.3,15.9,14.2,-,-,16.7,17.0,24.2,21.0,21.9,15.3,17.3,28.1,37.5,,,,,,,,,,,,,,,,,,,,,,,,,,,,,,
60,Unnamed: 60,Education,-,1.6,6.5,1.7,2.2,0.8,1.8,1.6,0.5,2.4,0.9,-,2.8,-,1.2,2.1,2.8,0.7,1.8,-,-,3.2,3.1,1.7,3.3,2.2,4.2,4.0,1.6,0.9,,,,,,,,,,,,,,,,,,,,,,,,,,,,,,
61,Unnamed: 61,Engineering*,-,10.5,8.2,19.8,14.0,13.9,7.8,7.4,38.0,16.8,56.0,-,4.3,-,39.4,28.5,17.3,20.0,23.9,-,-,23.3,12.7,16.4,17.1,16.7,26.5,5.3,15.7,10.2,,,,,,,,,,,,,,,,,,,,,,,,,,,,,,
62,Unnamed: 62,Fine/ Applied Arts,-,7.3,8.5,5.3,8.1,5.2,4.1,10.2,1.4,8.9,5.2,-,7.7,-,2.6,4.6,8.4,1.1,2.1,-,-,1.9,12.8,6.9,12.5,8.8,5.8,7.0,6.6,3.0,,,,,,,,,,,,,,,,,,,,,,,,,,,,,,
63,Unnamed: 63,Health Professions*,-,2.4,15.0,1.4,2.6,1.1,1.7,2.4,4.7,2.1,2.3,-,2.9,-,2.3,2.5,3.0,8.5,12.7,-,-,5.8,4.3,2.6,4.4,4.1,0.8,3.5,3.3,4.3,,,,,,,,,,,,,,,,,,,,,,,,,,,,,,
64,Unnamed: 64,Humanities,-,3.1,3.9,0.9,4.7,6.4,6.6,2.7,0.5,1.4,0.9,-,4.5,-,0.6,1.4,3.7,0.8,1.9,-,-,1.1,4.5,10.2,2.2,1.1,2.4,7.1,1.5,1.2,,,,,,,,,,,,,,,,,,,,,,,,,,,,,,
65,Unnamed: 65,Intensive English,-,14.4,0.1,2.8,6.9,1.5,0.6,1.9,0.2,1.0,0.8,-,15.2,-,28.2,0.1,2.8,0.1,0.4,-,-,24.0,3.7,2.5,4.2,4.8,3.1,0.1,11.0,4.1,,,,,,,,,,,,,,,,,,,,,,,,,,,,,,
66,Unnamed: 66,Math/ Computer Science*,-,2.9,3.2,11.5,3.5,4.2,3.3,6.6,26.0,5.4,10.3,-,2.4,-,1.5,6.5,3.9,13.9,7.5,-,-,8.1,5.3,3.9,6.8,7.9,9.9,3.3,4.1,8.1,,,,,,,,,,,,,,,,,,,,,,,,,,,,,,
67,Unnamed: 67,Physical/ Life Sciences*,-,6.2,9.2,8.9,10.7,6.3,7.5,6.2,10.0,7.5,11.1,-,4.8,-,1.8,12.2,7.4,23.1,12.7,-,-,4.2,7.4,4.8,10.9,10.2,8.9,7.4,4.8,7.6,,,,,,,,,,,,,,,,,,,,,,,,,,,,,,
68,Unnamed: 68,Social Sciences,-,7.7,12.4,8.1,9.7,8.7,12.2,16.4,2.7,8.6,3.7,-,10.3,-,2.4,9.7,9.5,5.2,6.8,-,-,2.4,11.9,7.0,6.4,6.1,12.2,15.6,6.4,5.1,,,,,,,,,,,,,,,,,,,,,,,,,,,,,,
69,Unnamed: 69,Other Fields of Study,-,16.9,14.8,8.6,13.2,20.4,16.3,14.6,3.4,11.7,3.7,-,20.9,-,4.6,10.4,14.7,7.6,11.3,-,-,6.7,13.4,15.4,9.2,12.8,9.0,21.8,11.8,9.2,,,,,,,,,,,,,,,,,,,,,,,,,,,,,,
70,Unnamed: 70,Undeclared,-,5.8,3.6,3.0,3.8,5.4,8.5,5.2,1.1,4.7,0.5,-,5.4,-,1.9,2.6,5.4,3.0,4.6,-,-,2.9,3.9,4.5,2.1,3.5,1.8,7.6,5.2,8.8,,,,,,,,,,,,,,,,,,,,,,,,,,,,,,
71,Unnamed: 71,,,,,,,,,,,,,,,,,,,,,,,,,,,,,,,,,,,,,,,,,,,,,,,,,,,,,,,,,,,,,
72,2014/15,TOTAL STUDENTS,-,"23,675","27,240","304,040","7,169","8,743","10,193","8,012","132,888","8,188","11,338",-,"19,064",-,"9,034","7,231","17,052","8,158","9,494",-,-,"59,945","63,710","6,143","20,993","7,217","10,724","10,743","7,890","18,722",,,,,,,,,,,,,,,,,,,,,,,,,,,,,,
73,Unnamed: 73,Business/ Mgmt.,-,12.1,15.0,26.5,20.2,26.1,26.3,22.4,10.7,28.8,4.6,-,19.1,-,12.8,21.5,17.0,14.3,14.1,-,-,16.5,16.7,23.4,21.2,21.3,13.6,17.8,25.9,32.6,,,,,,,,,,,,,,,,,,,,,,,,,,,,,,
74,Unnamed: 74,Education,-,1.2,4.9,1.7,2.4,0.8,2.0,1.2,0.4,2.0,1.1,-,2.4,-,0.6,1.5,2.4,0.6,1.7,-,-,3.2,3.0,1.9,3.1,1.7,4.2,3.6,1.6,1.0,,,,,,,,,,,,,,,,,,,,,,,,,,,,,,
75,Unnamed: 75,Engineering*,-,16.5,8.3,19.7,14.4,13.8,8.0,8.3,37.5,16.7,54.8,-,4.1,-,44.9,29.1,14.5,20.1,22.5,-,-,23.9,13.0,16.0,16.0,16.1,25.3,5.0,17.7,8.9,,,,,,,,,,,,,,,,,,,,,,,,,,,,,,
76,Unnamed: 76,Fine/ Applied Arts,-,6.4,7.8,5.6,7.9,5.8,3.6,10.2,1.4,9.0,5.0,-,6.0,-,1.8,4.3,6.1,1.3,2.1,-,-,1.9,11.9,6.1,12.6,9.5,6.1,6.4,7.1,3.0,,,,,,,,,,,,,,,,,,,,,,,,,,,,,,
77,Unnamed: 77,Health Professions*,-,2.2,15.7,1.4,2.2,1.5,1.9,2.4,3.6,3.1,1.8,-,2.3,-,1.8,3.4,2.9,6.8,12.9,-,-,6.1,4.7,2.9,4.1,4.0,1.0,4.0,3.7,4.0,,,,,,,,,,,,,,,,,,,,,,,,,,,,,,
78,Unnamed: 78,Humanities,-,2.0,3.8,0.9,4.3,5.3,6.2,2.0,0.4,1.4,1.1,-,5.3,-,0.6,1.1,3.0,0.8,2.0,-,-,1.3,4.3,11.3,1.9,1.3,2.4,6.9,1.4,1.4,,,,,,,,,,,,,,,,,,,,,,,,,,,,,,
79,Unnamed: 79,Intensive English,-,12.5,0.1,2.8,6.9,1.8,0.5,1.6,0.2,0.6,0.4,-,15.0,-,23.4,0.3,12.6,0.4,0.5,-,-,22.5,3.0,1.8,3.8,3.3,4.3,0.1,8.5,8.6,,,,,,,,,,,,,,,,,,,,,,,,,,,,,,
80,Unnamed: 80,Math/ Computer Science*,-,2.9,3.2,12.4,3.6,3.8,3.5,6.2,31.4,5.2,10.5,-,2.7,-,1.1,5.1,3.3,18.3,8.7,-,-,8.1,5.6,3.3,6.7,6.6,10.3,3.0,4.0,8.3,,,,,,,,,,,,,,,,,,,,,,,,,,,,,,
81,Unnamed: 81,Physical/ Life Sciences*,-,8.6,10.2,8.9,9.5,5.9,7.5,7.2,7.9,7.2,12.1,-,4.9,-,3.0,10.6,6.5,23.3,12.2,-,-,4.4,7.7,5.2,11.6,10.7,8.9,7.5,5.0,7.2,,,,,,,,,,,,,,,,,,,,,,,,,,,,,,
82,Unnamed: 82,Social Sciences,-,5.0,12.1,7.8,10.8,8.4,14.2,16.1,2.4,9.0,4.0,-,10.9,-,2.9,11.2,7.7,5.6,7.7,-,-,2.9,11.9,7.9,6.5,7.3,13.8,16.6,6.8,5.1,,,,,,,,,,,,,,,,,,,,,,,,,,,,,,
83,Unnamed: 83,Other Fields of Study,-,20.0,15.5,9.3,14.2,20.8,19.3,16.5,3.1,12.4,3.7,-,19.4,-,6.2,9.8,19.1,6.1,10.9,-,-,7.0,14.5,14.7,10.1,14.7,8.1,23.6,13.6,10.4,,,,,,,,,,,,,,,,,,,,,,,,,,,,,,
84,Unnamed: 84,Undeclared,-,10.4,3.3,2.9,3.5,5.9,7.0,5.8,0.9,4.6,0.7,-,7.8,-,0.8,2.0,4.8,2.4,4.6,-,-,2.0,3.8,5.5,2.4,3.4,2.1,5.6,4.6,9.5,,,,,,,,,,,,,,,,,,,,,,,,,,,,,,
85,Unnamed: 85,,,,,,,,,,,,,,,,,,,,,,,,,,,,,,,,,,,,,,,,,,,,,,,,,,,,,,,,,,,,,
86,2015/16,TOTAL STUDENTS,-,"19,370","26,973","328,547","7,815","8,764","10,145","7,923","165,918","8,727","12,269",-,"19,060",-,"9,772","7,834","16,733","9,662","10,674",-,-,"61,287","61,007","6,640","21,127","7,113","10,691","11,599","8,267","21,403",,,,,,,,,,,,,,,,,,,,,,,,,,,,,,
87,Unnamed: 87,Business/ Mgmt.,-,16.1,16.2,24.3,20.0,24.8,25.8,21.9,10.3,31.1,4.6,-,19.1,-,13.2,19.7,18.8,16.1,15.3,-,-,17.2,16.8,22.8,19.8,23.9,13.9,17.8,28.6,29.8,,,,,,,,,,,,,,,,,,,,,,,,,,,,,,
88,Unnamed: 88,Education,-,1.2,3.3,1.7,2.4,1.0,1.4,1.6,0.3,1.9,1.3,-,2.2,-,0.8,1.5,2.3,0.6,1.6,-,-,3.6,3.1,2.1,2.9,1.5,4.3,3.1,2.2,1.2,,,,,,,,,,,,,,,,,,,,,,,,,,,,,,
89,Unnamed: 89,Engineering*,-,19.0,8.1,18.6,14.3,12.6,7.3,7.6,36.0,17.1,54.4,-,4.4,-,50.4,28.9,14.1,16.3,22.1,-,-,25.7,12.6,16.1,15.9,14.6,24.0,4.2,15.8,9.6,,,,,,,,,,,,,,,,,,,,,,,,,,,,,,
90,Unnamed: 90,Fine/ Applied Arts,-,8.5,9.4,6.5,10.2,6.7,4.3,11.3,1.6,9.2,5.1,-,7.3,-,1.7,4.8,9.5,1.2,2.6,-,-,2.3,12.9,6.5,13.1,9.4,6.8,8.4,8.9,3.9,,,,,,,,,,,,,,,,,,,,,,,,,,,,,,
91,Unnamed: 91,Health Professions*,-,2.4,14.9,1.3,2.8,1.3,1.6,2.3,2.9,1.9,2.0,-,2.1,-,1.7,2.3,3.4,6.4,12.6,-,-,6.3,4.3,2.0,3.7,3.9,1.3,3.2,3.6,3.8,,,,,,,,,,,,,,,,,,,,,,,,,,,,,,
92,Unnamed: 92,Humanities,-,2.4,4.0,1.0,3.8,5.5,6.2,2.5,0.3,1.4,1.0,-,4.2,-,0.9,1.1,3.4,0.9,1.8,-,-,1.3,3.6,10.2,2.1,0.9,2.8,5.9,1.3,1.1,,,,,,,,,,,,,,,,,,,,,,,,,,,,,,
93,Unnamed: 93,Intensive English,-,3.1,0.1,2.2,5.4,1.4,0.4,1.1,0.3,0.3,0.9,-,15.4,-,19.5,0.2,4.5,1.1,0.4,-,-,18.6,2.3,1.6,3.2,3.6,3.7,0.1,6.9,9.8,,,,,,,,,,,,,,,,,,,,,,,,,,,,,,
94,Unnamed: 94,Math/ Computer Science*,-,4.2,3.4,14.1,4.4,4.6,3.8,6.9,34.9,5.6,11.7,-,2.6,-,1.4,6.8,4.5,21.8,8.9,-,-,8.2,6.7,4.1,8.1,7.7,9.7,3.1,3.9,8.8,,,,,,,,,,,,,,,,,,,,,,,,,,,,,,
95,Unnamed: 95,Physical/ Life Sciences*,-,7.8,9.7,8.7,9.3,5.6,7.6,6.8,6.3,7.0,11.6,-,4.6,-,2.6,10.9,8.0,22.3,13.1,-,-,4.5,7.6,5.3,11.1,10.1,8.5,7.0,5.2,7.7,,,,,,,,,,,,,,,,,,,,,,,,,,,,,,
96,Unnamed: 96,Social Sciences,-,6.5,12.3,8.7,9.4,9.3,12.8,15.1,2.2,8.9,3.5,-,11.0,-,2.6,11.4,9.6,5.3,7.3,-,-,3.0,12.8,8.0,7.0,7.4,14.1,16.0,6.1,5.1,,,,,,,,,,,,,,,,,,,,,,,,,,,,,,
97,Unnamed: 97,Other Fields of Study,-,21.6,15.2,10.1,15.0,23.0,23.3,19.6,3.9,13.7,3.4,-,22.0,-,4.2,9.7,16.1,5.9,10.8,-,-,7.3,13.8,17.8,11.2,14.3,8.5,25.2,13.7,10.6,,,,,,,,,,,,,,,,,,,,,,,,,,,,,,
98,Unnamed: 98,Undeclared,-,7.3,3.5,2.8,2.9,4.2,5.4,3.3,0.8,2.0,0.5,-,4.9,-,0.9,2.6,6.0,2.0,3.5,-,-,2.1,3.5,3.6,2.0,2.7,2.4,5.9,3.8,8.4,,,,,,,,,,,,,,,,,,,,,,,,,,,,,,
99,Unnamed: 99,,,,,,,,,,,,,,,,,,,,,,,,,,,,,,,,,,,,,,,,,,,,,,,,,,,,,,,,,,,,,
100,2016/17,TOTAL STUDENTS,-,"13,089","27,065","350,755","7,982","8,814","10,169","7,547","186,267","8,776","12,643",-,"18,780",-,"9,825","8,247","16,835","11,607","11,710",-,-,"52,611","58,663","7,164","21,516","6,893","10,586","11,489","8,540","22,438",,,,,,,,,,,,,,,,,,,,,,,,,,,,,,
101,Unnamed: 101,Business/ Mgmt.,-,26.9,16.2,23.1,21.5,27.2,25.8,20.1,10.4,30.3,5.0,-,18.2,-,12.2,20.7,19.4,15.0,15.0,-,-,18.7,15.4,25.5,20.9,23.5,14.0,18.7,28.3,30.9,,,,,,,,,,,,,,,,,,,,,,,,,,,,,,
102,Unnamed: 102,Education,-,1.7,3.3,1.8,2.8,1.0,1.5,1.6,0.5,2.0,0.9,-,2.2,-,0.6,1.6,2.6,0.7,1.8,-,-,3.3,2.9,1.5,2.5,1.5,3.8,3.2,1.4,1.2,,,,,,,,,,,,,,,,,,,,,,,,,,,,,,
103,Unnamed: 103,Engineering*,-,12.6,8.9,18.7,14.5,12.3,7.7,8.3,36.2,16.0,53.2,-,4.9,-,57.9,27.9,16.1,16.1,22.3,-,-,30.0,13.5,17.0,17.3,14.1,25.8,5.1,16.7,10.0,,,,,,,,,,,,,,,,,,,,,,,,,,,,,,
104,Unnamed: 104,Fine/ Applied Arts,-,7.7,8.8,6.0,9.0,5.6,3.9,11.0,1.6,7.0,4.6,-,6.6,-,1.5,4.4,7.6,1.1,2.3,-,-,2.1,12.1,5.7,11.0,8.9,6.7,7.4,8.0,3.1,,,,,,,,,,,,,,,,,,,,,,,,,,,,,,
105,Unnamed: 105,Health Professions*,-,3.0,14.4,1.3,2.4,1.4,1.6,2.4,2.7,1.9,2.2,-,2.4,-,1.5,2.2,3.3,5.2,12.4,-,-,6.6,4.3,2.2,3.4,4.3,1.1,3.1,3.4,4.4,,,,,,,,,,,,,,,,,,,,,,,,,,,,,,
106,Unnamed: 106,Humanities,-,3.1,3.7,1.1,4.2,5.6,5.4,2.6,0.4,1.6,1.2,-,3.7,-,0.4,1.4,3.1,1.0,2.5,-,-,1.2,3.7,9.0,2.2,1.6,2.6,5.7,1.3,1.2,,,,,,,,,,,,,,,,,,,,,,,,,,,,,,
107,Unnamed: 107,Intensive English,-,2.9,0.1,2.4,4.4,1.2,0.4,1.6,0.3,1.8,0.6,-,15.9,-,12.2,0.2,6.2,0.9,0.6,-,-,9.4,2.6,1.3,3.3,3.5,3.1,0.1,7.1,5.4,,,,,,,,,,,,,,,,,,,,,,,,,,,,,,
108,Unnamed: 108,Math/ Computer Science*,-,4.9,5.8,15.5,5.4,5.3,3.9,8.8,35.4,7.1,11.8,-,3.2,-,1.2,7.7,5.1,24.5,9.2,-,-,9.1,8.2,4.5,9.4,8.7,9.7,3.9,4.6,11.0,,,,,,,,,,,,,,,,,,,,,,,,,,,,,,
109,Unnamed: 109,Physical/ Life Sciences*,-,9.1,10.0,8.2,9.3,5.4,6.9,6.7,5.8,6.5,11.7,-,5.0,-,3.6,10.5,8.3,19.3,11.4,-,-,5.2,7.1,5.3,10.4,9.2,8.4,7.4,4.4,7.5,,,,,,,,,,,,,,,,,,,,,,,,,,,,,,
110,Unnamed: 110,Social Sciences,-,8.9,10.9,8.9,10.5,9.9,11.8,14.3,2.3,9.7,4.1,-,10.3,-,2.5,11.4,9.3,4.9,7.5,-,-,3.2,13.1,7.9,6.6,7.8,13.8,14.6,5.7,5.8,,,,,,,,,,,,,,,,,,,,,,,,,,,,,,
111,Unnamed: 111,Other Fields of Study,-,17.0,14.9,10.5,14.4,20.8,25.8,19.0,3.6,14.1,4.4,-,22.7,-,5.5,9.9,16.3,9.4,13.5,-,-,9.3,14.1,15.9,11.4,14.7,9.0,25.1,18.2,16.7,,,,,,,,,,,,,,,,,,,,,,,,,,,,,,
112,Unnamed: 112,Undeclared,-,2.3,3.1,2.4,1.5,4.2,5.2,3.7,0.8,2.0,0.3,-,5.0,-,0.8,2.1,2.6,1.8,1.5,-,-,1.8,3.0,4.2,1.5,2.2,1.9,5.8,0.8,2.8,,,,,,,,,,,,,,,,,,,,,,,,,,,,,,
113,Unnamed: 113,,,,,,,,,,,,,,,,,,,,,,,,,,,,,,,,,,,,,,,,,,,,,,,,,,,,,,,,,,,,,
114,2017/18,TOTAL STUDENTS,"7,496","14,620","25,909","363,341","7,976","8,802","10,042","7,162","196,271","8,650","12,783",-,"18,753",-,"10,190","8,271","15,468","13,270","12,693",-,-,"44,432","54,555","7,489","22,454",-,"10,520","11,460","8,371","24,325",,,,,,,,,,,,,,,,,,,,,,,,,,,,,,
115,Unnamed: 115,Business/ Mgmt.,9.5,24.4,16.5,20.7,19.4,23.2,27.3,16.8,9.8,28.0,4.9,-,17.2,-,9.7,17.7,19.7,11.8,13.7,-,-,19.0,15.1,22.5,19.2,-,13.5,17.6,24.4,27.0,,,,,,,,,,,,,,,,,,,,,,,,,,,,,,
116,Unnamed: 116,Education,1.2,1.8,3.1,1.8,1.8,1.0,1.1,1.6,0.3,2.0,1.5,-,2.1,-,0.6,1.6,2.7,0.5,2.0,-,-,3.4,2.9,2.2,2.6,-,4.4,2.9,1.2,1.0,,,,,,,,,,,,,,,,,,,,,,,,,,,,,,
117,Unnamed: 117,Engineering*,40.9,12.9,9.3,19.0,15.5,13.9,8.2,13.4,35.4,17.8,52.7,-,5.3,-,63.5,26.7,17.3,16.3,23.3,-,-,31.4,13.9,18.5,18.1,-,25.7,5.2,16.8,11.2,,,,,,,,,,,,,,,,,,,,,,,,,,,,,,
118,Unnamed: 118,Fine/ Applied Arts,2.2,8.9,9.0,6.6,12.3,7.1,4.4,11.4,2.0,7.5,4.9,-,8.1,-,1.5,4.8,9.0,1.3,3.0,-,-,2.6,12.0,5.8,11.0,-,6.7,8.6,8.3,3.4,,,,,,,,,,,,,,,,,,,,,,,,,,,,,,
119,Unnamed: 119,Health Professions*,3.2,2.9,14.7,1.4,2.9,1.2,1.8,2.3,2.7,1.9,2.2,-,2.6,-,1.6,2.4,3.7,4.5,13.0,-,-,8.2,4.8,1.7,3.5,-,1.2,3.1,3.5,4.6,,,,,,,,,,,,,,,,,,,,,,,,,,,,,,
120,Unnamed: 120,Humanities,0.9,2.4,3.4,1.1,3.4,5.6,5.1,2.6,0.3,1.6,1.2,-,3.8,-,0.8,1.3,3.1,0.5,2.3,-,-,1.5,2.9,8.5,1.6,-,2.2,5.4,1.9,1.7,,,,,,,,,,,,,,,,,,,,,,,,,,,,,,
121,Unnamed: 121,Intensive English,0.2,3.9,0.1,2.1,4.8,1.4,3.3,1.0,0.1,1.2,0.2,-,15.7,-,9.8,0.4,3.4,0.1,0.3,-,-,6.6,2.2,0.9,3.0,-,1.8,0.1,7.3,5.1,,,,,,,,,,,,,,,,,,,,,,,,,,,,,,
122,Unnamed: 122,Math/ Computer Science*,16.8,5.4,4.7,17.2,5.4,5.8,4.5,12.4,37.5,8.5,12.8,-,3.5,-,1.0,9.4,5.2,35.5,10.4,-,-,9.2,9.1,5.4,11.3,-,11.0,4.1,5.0,13.1,,,,,,,,,,,,,,,,,,,,,,,,,,,,,,
123,Unnamed: 123,Physical/ Life Sciences*,13.8,8.7,9.8,8.4,9.5,5.5,6.7,6.4,5.5,6.8,11.8,-,4.4,-,3.7,12.6,9.0,17.0,12.0,-,-,5.4,7.3,6.5,9.9,-,8.1,8.0,4.4,8.8,,,,,,,,,,,,,,,,,,,,,,,,,,,,,,
124,Unnamed: 124,Social Sciences,5.8,8.8,11.0,8.4,9.6,9.2,11.1,12.1,2.2,8.9,3.8,-,11.1,-,3.0,11.3,9.1,4.1,6.6,-,-,3.6,11.0,7.1,6.2,-,13.9,14.6,6.0,5.0,,,,,,,,,,,,,,,,,,,,,,,,,,,,,,
125,Unnamed: 125,Other Fields of Study,4.5,17.8,15.7,11.0,14.2,22.0,22.1,16.7,3.5,13.9,3.9,-,22.8,-,4.4,9.4,16.3,7.1,12.3,-,-,8.0,16.7,17.5,12.3,-,9.9,25.8,20.0,15.9,,,,,,,,,,,,,,,,,,,,,,,,,,,,,,
126,Unnamed: 126,Undeclared,1.0,2.0,2.6,2.4,1.0,4.1,4.3,3.1,0.5,2.0,0.2,-,3.5,-,0.6,2.4,1.6,1.2,1.1,-,-,1.1,2.2,3.4,1.4,-,1.6,4.6,1.1,3.3,,,,,,,,,,,,,,,,,,,,,,,,,,,,,,
127,Unnamed: 127,,,,,,,,,,,,,,,,,,,,,,,,,,,,,,,,,,,,,,,,,,,,,,,,,,,,,,,,,,,,,
128,2018/19,TOTAL STUDENTS,"8,249","16,059","26,122","369,548","8,060","8,716","9,191",-,"202,014","8,356","12,142",-,"18,105",-,"9,195","7,709","15,229","13,229","13,423","7,957",-,"37,080","52,250","7,262","23,369",-,"10,159","11,146","7,760","24,392",,,,,,,,,,,,,,,,,,,,,,,,,,,,,,
129,Unnamed: 129,Business/ Mgmt.,7.8,23.3,16.3,18.9,19.3,22.6,26.1,-,10.3,27.4,4.6,-,17.9,-,12.3,17.3,18.6,11.3,13.4,17.6,-,18.8,14.0,24.4,19.1,-,14.1,18.1,25.3,28.5,,,,,,,,,,,,,,,,,,,,,,,,,,,,,,
130,Unnamed: 130,Education,0.8,1.8,2.8,1.7,2.8,0.8,1.2,-,0.4,2.4,1.9,-,2.3,-,0.6,1.4,2.9,0.6,1.9,1.7,-,3.3,2.6,1.7,2.2,-,3.1,2.6,1.2,1.0,,,,,,,,,,,,,,,,,,,,,,,,,,,,,,
131,Unnamed: 131,Engineering*,40.4,12.6,8.9,18.0,14.2,13.9,9.4,-,34.2,16.7,52.1,-,4.8,-,63.8,25.8,16.2,19.0,21.5,24.6,-,30.2,13.5,14.6,17.4,-,26.1,4.7,18.2,10.9,,,,,,,,,,,,,,,,,,,,,,,,,,,,,,
132,Unnamed: 132,Fine/ Applied Arts,1.8,7.8,9.2,6.5,10.6,6.2,4.1,-,1.9,6.6,4.4,-,7.3,-,1.5,5.0,8.6,1.9,2.7,2.2,-,2.2,12.6,5.3,10.2,-,7.4,7.6,8.6,5.3,,,,,,,,,,,,,,,,,,,,,,,,,,,,,,
133,Unnamed: 133,Health Professions*,3.4,2.8,14.0,1.4,2.3,1.3,1.7,-,3.2,1.5,2.4,-,2.7,-,1.6,2.4,3.6,5.4,13.7,2.9,-,8.1,5.0,2.1,3.8,-,1.2,3.3,3.4,4.6,,,,,,,,,,,,,,,,,,,,,,,,,,,,,,
134,Unnamed: 134,Humanities,1.0,3.0,3.4,1.0,3.9,5.5,5.0,-,0.4,1.6,1.1,-,3.6,-,0.8,1.1,3.8,0.6,2.1,1.9,-,1.4,3.2,8.6,1.7,-,2.7,5.8,2.2,1.6,,,,,,,,,,,,,,,,,,,,,,,,,,,,,,
135,Unnamed: 135,Intensive English,0.1,4.2,0.0,1.7,4.5,0.9,0.4,-,0.1,1.0,0.2,-,13.5,-,6.1,0.4,3.1,0.1,0.2,0.8,-,7.4,2.2,0.9,2.6,-,1.6,0.1,6.2,3.1,,,,,,,,,,,,,,,,,,,,,,,,,,,,,,
136,Unnamed: 136,Math/ Computer Science*,17.7,5.4,5.3,19.9,5.6,6.4,5.1,-,37.0,10.0,13.5,-,4.7,-,1.4,10.7,5.6,28.5,11.3,16.7,-,9.6,10.8,4.7,13.4,-,12.0,4.7,5.3,14.2,,,,,,,,,,,,,,,,,,,,,,,,,,,,,,
137,Unnamed: 137,Physical/ Life Sciences*,15.3,8.8,9.8,8.4,10.0,5.7,7.4,-,5.6,6.5,12.4,-,4.6,-,3.7,12.5,9.6,20.7,13.4,8.0,-,6.5,7.8,6.8,9.5,-,7.9,8.1,4.8,9.6,,,,,,,,,,,,,,,,,,,,,,,,,,,,,,
138,Unnamed: 138,Social Sciences,5.9,9.1,10.8,9.1,10.1,10.6,12.8,-,2.4,8.7,3.9,-,11.5,-,3.6,11.1,9.5,4.4,6.9,10.5,-,3.7,11.6,8.7,6.2,-,13.8,15.5,6.1,5.1,,,,,,,,,,,,,,,,,,,,,,,,,,,,,,
139,Unnamed: 139,Other Fields of Study,5.0,19.3,16.4,11.0,15.3,22.1,22.1,-,3.7,14.9,3.3,-,22.7,-,3.8,9.3,16.5,6.2,12.0,9.7,-,7.6,14.0,18.6,11.8,-,8.4,23.5,17.4,13.2,,,,,,,,,,,,,,,,,,,,,,,,,,,,,,
140,Unnamed: 140,Undeclared,0.9,2.1,3.2,2.3,1.3,4.0,4.7,-,0.7,2.6,0.3,-,4.4,-,0.9,3.2,2.0,1.2,0.9,3.5,-,1.3,2.7,3.5,2.2,-,1.8,6.0,1.2,2.9,,,,,,,,,,,,,,,,,,,,,,,,,,,,,,
141,Unnamed: 141,,,,,,,,,,,,,,,,,,,,,,,,,,,,,,,,,,,,,,,,,,,,,,,,,,,,,,,,,,,,,
142,2019/20,TOTAL STUDENTS,"8,838","16,671","25,992","372,532","7,787","8,471","9,242",-,"193,124","8,300","11,451",-,"17,554",-,"8,375","6,910","14,348","12,730","13,762","7,939",-,"30,957","49,809","7,954","23,724",-,"9,481","10,756","6,855","23,777",,,,,,,,,,,,,,,,,,,,,,,,,,,,,,
143,Unnamed: 143,Business/ Mgmt.,6.9,22.7,15.6,17.2,17.6,23.5,24.6,-,10.9,23.4,4.4,-,17.0,-,12.6,16.8,18.2,15.5,12.8,15.7,-,15.5,13.0,23.3,18.0,-,11.5,16.7,25.1,28.8,,,,,,,,,,,,,,,,,,,,,,,,,,,,,,
144,Unnamed: 144,Education,0.6,1.6,2.3,1.7,1.8,0.8,1.2,-,0.7,1.6,1.7,-,1.8,-,2.7,1.4,2.4,0.6,1.9,1.3,-,3.8,2.3,1.5,1.9,-,2.9,2.3,1.6,1.1,,,,,,,,,,,,,,,,,,,,,,,,,,,,,,
145,Unnamed: 145,Engineering*,41.1,13.1,9.0,17.5,14.7,14.2,8.8,-,34.2,15.1,51.2,-,6.2,-,59.8,25.7,16.9,18.8,21.6,24.3,-,29.5,14.5,15.8,18.1,-,27.6,5.6,18.4,11.5,,,,,,,,,,,,,,,,,,,,,,,,,,,,,,
146,Unnamed: 146,Fine/ Applied Arts,1.8,7.8,9.1,6.7,9.4,5.5,4.0,-,2.0,6.6,4.4,-,7.3,-,1.7,5.2,8.9,1.6,2.5,2.4,-,2.3,11.8,5.8,10.1,-,6.8,7.3,8.3,4.9,,,,,,,,,,,,,,,,,,,,,,,,,,,,,,
147,Unnamed: 147,Health Professions*,2.8,3.0,15.6,1.4,2.3,1.2,1.9,-,3.1,1.8,2.2,-,2.6,-,2.1,2.4,3.6,5.3,13.3,3.3,-,8.8,5.3,1.9,3.7,-,1.1,2.9,3.0,5.0,,,,,,,,,,,,,,,,,,,,,,,,,,,,,,
148,Unnamed: 148,Humanities,1.0,3.0,3.3,1.1,4.4,5.7,4.9,-,0.4,1.4,1.1,-,4.0,-,0.9,1.3,3.6,0.6,2.3,2.0,-,1.5,2.8,7.5,1.3,-,2.7,6.1,3.2,1.5,,,,,,,,,,,,,,,,,,,,,,,,,,,,,,
149,Unnamed: 149,Intensive English,0.1,4.1,0.1,1.8,4.7,0.6,0.3,-,0.2,0.7,0.1,-,14.1,-,5.6,0.3,1.6,0.0,0.2,1.2,-,9.7,2.1,0.8,2.5,-,2.2,0.2,6.7,2.4,,,,,,,,,,,,,,,,,,,,,,,,,,,,,,
150,Unnamed: 150,Math/ Computer Science*,19.1,6.3,6.6,21.2,5.1,7.6,5.2,-,34.7,18.9,14.5,-,5.2,-,1.6,12.7,6.1,25.6,12.7,17.5,-,9.5,12.3,5.9,14.4,-,12.5,5.5,5.4,15.6,,,,,,,,,,,,,,,,,,,,,,,,,,,,,,
151,Unnamed: 151,Physical/ Life Sciences*,15.2,8.9,9.4,8.4,10.3,5.6,7.4,-,6.3,6.8,12.2,-,4.4,-,4.1,12.3,9.9,20.2,14.6,9.2,-,6.0,7.8,6.9,9.4,-,8.2,8.5,5.0,9.7,,,,,,,,,,,,,,,,,,,,,,,,,,,,,,
152,Unnamed: 152,Social Sciences,5.7,9.2,10.6,9.0,10.3,10.2,11.7,-,2.7,8.4,4.1,-,10.5,-,3.9,9.8,10.2,4.5,7.0,10.5,-,4.4,11.3,8.4,6.3,-,14.0,15.6,6.3,5.4,,,,,,,,,,,,,,,,,,,,,,,,,,,,,,
153,Unnamed: 153,Other Fields of Study,4.7,18.4,15.3,11.0,18.1,21.0,24.1,-,4.0,11.5,3.6,-,22.5,-,4.0,9.9,16.3,6.0,10.1,9.8,-,7.9,14.2,17.8,11.7,-,8.6,23.3,16.0,10.4,,,,,,,,,,,,,,,,,,,,,,,,,,,,,,
154,Unnamed: 154,Undeclared,1.2,1.9,3.1,2.9,1.2,4.1,6.1,-,0.8,3.7,0.5,-,4.5,-,0.9,2.3,2.2,1.3,1.1,2.9,-,1.1,2.7,4.3,2.7,-,2.0,5.9,1.0,3.6,,,,,,,,,,,,,,,,,,,,,,,,,,,,,,
155,Unnamed: 155,,,,,,,,,,,,,,,,,,,,,,,,,,,,,,,,,,,,,,,,,,,,,,,,,,,,,,,,,,,,,
156,2020/21,TOTAL STUDENTS,"8,598","14,000","25,143","317,299","7,107","5,643","5,364",-,"167,582","7,489","9,614",-,"11,785",-,"6,846","5,280","12,986","11,172","12,860","7,475",-,"21,933","39,491","5,781","19,673",-,"8,109","8,028","6,122","21,631",,,,,,,,,,,,,,,,,,,,,,,,,,,,,,
157,Unnamed: 157,Business/ Mgmt.,6.2,23.0,15.9,16.6,18.1,23.8,27.3,-,11.7,24.0,4.5,-,24.1,-,13.8,15.6,19.2,9.7,12.2,16.2,-,15.3,12.5,25.2,17.0,-,11.5,18.0,24.2,26.9,,,,,,,,,,,,,,,,,,,,,,,,,,,,,,
158,Unnamed: 158,Education,0.7,1.9,5.1,1.9,4.5,1.0,1.4,-,0.6,1.9,1.3,-,2.2,-,0.8,1.7,2.8,0.7,2.3,2.8,-,4.4,2.7,1.5,2.0,-,3.1,2.7,1.2,1.0,,,,,,,,,,,,,,,,,,,,,,,,,,,,,,
159,Unnamed: 159,Engineering*,42.5,14.4,8.7,17.5,14.9,15.3,9.2,-,33.5,19.1,49.8,-,7.3,-,61.5,25.5,18.2,19.0,22.0,22.8,-,30.0,14.8,17.5,19.8,-,28.0,5.7,17.9,12.4,,,,,,,,,,,,,,,,,,,,,,,,,,,,,,
160,Unnamed: 160,Fine/ Applied Arts,1.4,7.3,7.0,6.0,9.0,6.3,4.6,-,1.7,6.1,5.2,-,8.8,-,2.3,4.5,8.3,1.2,2.2,2.3,-,2.5,10.5,6.0,8.1,-,5.1,7.3,7.7,4.4,,,,,,,,,,,,,,,,,,,,,,,,,,,,,,
161,Unnamed: 161,Health Professions*,2.9,3.2,14.9,1.6,3.4,1.6,2.4,-,2.6,1.8,2.2,-,3.7,-,3.1,2.8,3.6,6.2,13.5,3.7,-,10.6,5.8,2.3,3.8,-,1.4,3.8,5.2,5.4,,,,,,,,,,,,,,,,,,,,,,,,,,,,,,
162,Unnamed: 162,Humanities,1.0,3.0,3.2,1.2,4.7,5.8,5.6,-,0.5,1.6,1.3,-,4.2,-,1.1,1.2,3.9,0.9,2.5,2.5,-,1.6,2.7,8.4,1.3,-,2.4,6.3,2.2,1.2,,,,,,,,,,,,,,,,,,,,,,,,,,,,,,
163,Unnamed: 163,Intensive English,0.0,1.9,0.0,0.6,3.4,0.3,0.2,-,0.0,1.0,0.2,-,3.7,-,1.3,0.1,0.7,0.1,0.1,0.2,-,3.8,0.6,0.3,1.0,-,0.6,0.1,6.3,1.4,,,,,,,,,,,,,,,,,,,,,,,,,,,,,,
164,Unnamed: 164,Math/ Computer Science*,18.7,7.1,6.9,22.2,6.4,10.5,6.7,-,34.8,12.5,14.1,-,7.6,-,1.6,14.2,6.9,29.4,12.4,19.0,-,10.2,13.5,9.2,16.6,-,13.4,6.5,6.6,17.8,,,,,,,,,,,,,,,,,,,,,,,,,,,,,,
165,Unnamed: 165,Physical/ Life Sciences*,15.3,9.8,9.6,9.1,10.2,7.0,10.6,-,6.6,7.2,13.1,-,6.2,-,5.2,12.1,10.6,21.9,14.6,9.1,-,7.1,8.9,8.1,10.5,-,8.9,10.1,5.8,10.4,,,,,,,,,,,,,,,,,,,,,,,,,,,,,,
166,Unnamed: 166,Social Sciences,5.9,10.1,10.7,9.6,11.2,10.4,15.2,-,2.9,8.5,3.8,-,11.6,-,4.3,9.6,10.9,4.7,6.7,10.4,-,4.3,12.2,8.4,6.3,-,14.0,17.6,6.8,4.9,,,,,,,,,,,,,,,,,,,,,,,,,,,,,,
167,Unnamed: 167,Other Fields of Study,4.6,16.9,15.5,11.5,13.2,16.4,14.4,-,4.5,13.8,4.2,-,18.1,-,4.2,10.5,12.9,5.5,10.6,9.2,-,9.4,13.7,11.8,11.9,-,9.9,18.6,15.6,11.6,,,,,,,,,,,,,,,,,,,,,,,,,,,,,,
168,Unnamed: 168,Undeclared,0.7,1.5,2.4,2.2,1.0,1.7,2.5,-,0.7,2.7,0.2,-,2.4,-,0.7,2.2,2.0,0.8,1.0,1.9,-,1.0,2.1,1.4,1.5,-,1.8,3.4,0.5,2.6,,,,,,,,,,,,,,,,,,,,,,,,,,,,,,
169,Unnamed: 169,,,,,,,,,,,,,,,,,,,,,,,,,,,,,,,,,,,,,,,,,,,,,,,,,,,,,,,,,,,,,
170,2021/22,TOTAL STUDENTS,"10,597","14,897","27,013","290,086","8,077","7,751","8,550","5,848","199,182","8,003","9,295",-,"13,449",-,"5,923",,"14,500","11,799","14,438","8,772",-,"18,206","40,755","8,165","20,487",-,"8,467","10,292","5,317","20,713",,,,,,,,,,,,,,,,,,,,,,,,,,,,,,
171,Unnamed: 171,Business/ Mgmt.,6.1,22.0,16.4,14.6,17.8,22.7,25.9,14.4,13.3,24.9,4.9,-,24.5,-,12.7,,19.4,9.1,11.4,15.1,-,13.7,11.8,23.3,17.1,-,10.8,16.6,23.1,25.6,,,,,,,,,,,,,,,,,,,,,,,,,,,,,,
172,Unnamed: 172,Education,0.8,1.9,4.8,1.9,2.3,0.8,1.3,2.5,0.4,2.2,1.0,-,1.9,-,0.9,,2.7,0.8,2.3,2.0,-,4.0,2.5,1.7,1.6,-,2.8,2.2,1.3,1.1,,,,,,,,,,,,,,,,,,,,,,,,,,,,,,
173,Unnamed: 173,Engineering*,38.8,13.5,8.5,17.2,16.6,14.1,8.2,8.4,29.6,16.8,48.2,-,5.5,-,49.5,,17.0,18.6,19.5,21.8,-,27.9,15.8,14.4,21.0,-,27.2,5.3,17.4,11.7,,,,,,,,,,,,,,,,,,,,,,,,,,,,,,
174,Unnamed: 174,Fine/ Applied Arts,1.2,6.8,7.0,6.0,8.2,5.4,3.7,12.2,1.9,5.4,5.4,-,7.0,-,2.5,,8.9,1.3,2.2,2.0,-,2.7,10.5,5.3,7.7,-,5.8,7.0,7.8,4.0,,,,,,,,,,,,,,,,,,,,,,,,,,,,,,
175,Unnamed: 175,Health Professions*,2.8,2.9,13.5,1.5,2.7,1.7,1.7,3.1,2.6,2.2,2.5,-,3.1,-,3.8,,3.7,5.9,12.4,4.0,-,10.0,5.5,1.8,3.4,-,1.4,3.4,4.0,5.4,,,,,,,,,,,,,,,,,,,,,,,,,,,,,,
176,Unnamed: 176,Humanities,1.2,3.0,3.0,1.1,4.5,4.8,4.6,3.2,0.4,1.5,1.7,-,3.6,-,1.1,,3.6,0.8,2.7,2.2,-,2.2,2.9,7.2,1.2,-,3.0,5.6,2.0,1.5,,,,,,,,,,,,,,,,,,,,,,,,,,,,,,
177,Unnamed: 177,Intensive English,0.1,1.6,0.0,0.4,3.8,0.6,0.1,0.2,0.1,0.6,0.3,-,5.9,-,10.4,,1.3,0.0,0.1,0.7,-,4.1,0.8,0.5,0.8,-,0.8,0.0,4.9,0.7,,,,,,,,,,,,,,,,,,,,,,,,,,,,,,
178,Unnamed: 178,Math/ Computer Science*,20.3,7.2,7.9,23.1,6.6,7.8,5.7,13.6,36.8,12.2,14.0,-,7.6,-,1.8,,6.5,30.3,14.6,20.2,-,11.3,13.2,6.8,17.5,-,13.8,6.3,8.1,19.3,,,,,,,,,,,,,,,,,,,,,,,,,,,,,,
179,Unnamed: 179,Physical/ Life Sciences*,16.7,9.9,9.8,9.8,10.3,6.7,8.1,8.7,6.5,8.1,13.6,-,6.3,-,6.6,,10.3,20.1,15.9,9.3,-,7.0,8.9,8.1,10.8,-,9.0,9.0,6.6,10.7,,,,,,,,,,,,,,,,,,,,,,,,,,,,,,
180,Unnamed: 180,Social Sciences,6.1,10.8,10.9,10.3,10.8,10.2,13.9,12.7,2.9,8.8,4.1,-,12.3,-,5.1,,10.3,5.4,7.6,10.4,-,5.1,11.6,8.2,6.0,-,13.8,17.3,7.3,5.7,,,,,,,,,,,,,,,,,,,,,,,,,,,,,,
181,Unnamed: 181,Other Fields of Study,4.8,18.1,15.1,10.8,14.3,21.0,20.7,17.5,4.6,14.6,3.9,-,18.9,-,4.5,,14.2,6.3,10.3,9.8,-,11.0,13.5,18.7,11.0,-,10.1,22.6,16.3,11.3,,,,,,,,,,,,,,,,,,,,,,,,,,,,,,
182,Unnamed: 182,Undeclared,1.1,2.3,3.0,3.2,1.9,4.3,6.0,3.6,0.8,2.8,0.3,-,3.5,-,0.9,,2.2,1.3,0.9,2.4,-,0.8,2.9,3.9,2.0,-,1.7,4.8,1.1,3.1,,,,,,,,,,,,,,,,,,,,,,,,,,,,,,
183,Unnamed: 183,,,,,,,,,,,,,,,,,,,,,,,,,,,,,,,,,,,,,,,,,,,,,,,,,,,,,,,,,,,,,
184,2022/23,TOTAL STUDENTS,"13,563","16,025","27,876","289,526","9,096","8,552","9,751","5,867","268,923","8,467","10,812","6,274","16,054",-,"5,427",-,"14,541","15,090","17,640","10,164",-,"15,989","43,847","8,548","21,834",-,"8,657","10,659",-,"21,900",,,,,,,,,,,,,,,,,,,,,,,,,,,,,,
185,Unnamed: 185,Business/ Mgmt.,8.0,21.1,16.6,13.4,17.7,23.7,22.0,15.3,11.6,25.4,4.7,22.1,22.0,-,15.8,-,19.5,9.8,11.9,14.7,-,13.0,12.0,22.7,16.6,-,10.7,18.3,-,24.7,,,,,,,,,,,,,,,,,,,,,,,,,,,,,,
186,Unnamed: 186,Education,1.0,1.7,4.6,2.0,2.3,1.0,1.3,2.1,0.3,2.1,1.6,0.9,1.9,-,1.0,-,2.5,0.7,2.0,2.0,-,3.5,2.2,1.3,1.5,-,2.7,1.8,-,1.1,,,,,,,,,,,,,,,,,,,,,,,,,,,,,,
187,Unnamed: 187,Engineering*,35.6,13.5,8.4,16.8,16.9,14.1,9.4,8.4,26.9,15.7,47.2,12.9,5.4,-,44.5,-,16.1,16.2,18.6,21.9,-,28.9,16.6,18.0,21.2,-,25.9,8.5,-,11.8,,,,,,,,,,,,,,,,,,,,,,,,,,,,,,
188,Unnamed: 188,Fine/ Applied Arts,1.5,6.9,7.4,5.8,7.2,5.1,3.4,10.9,1.6,5.0,5.8,5.0,5.6,-,3.1,-,7.7,1.4,1.9,2.0,-,2.6,10.1,4.8,7.2,-,5.8,5.8,-,4.1,,,,,,,,,,,,,,,,,,,,,,,,,,,,,,
189,Unnamed: 189,Health Professions*,2.9,2.9,12.3,1.5,2.5,1.3,1.6,3.0,2.5,2.4,2.5,2.0,2.4,-,3.2,-,3.5,6.6,11.2,3.5,-,9.4,4.9,1.7,3.2,-,1.3,3.1,-,4.7,,,,,,,,,,,,,,,,,,,,,,,,,,,,,,
190,Unnamed: 190,Humanities,1.0,3.0,2.9,1.2,3.8,5.7,4.5,3.4,0.4,1.7,1.6,6.3,3.5,-,1.2,-,3.3,0.6,2.7,1.9,-,1.6,2.4,6.6,1.1,-,2.8,4.8,-,2.2,,,,,,,,,,,,,,,,,,,,,,,,,,,,,,
191,Unnamed: 191,Intensive English,0.7,1.5,0.0,0.5,4.7,1.5,1.2,0.2,0.1,0.3,0.3,0.7,10.3,-,8.2,-,2.1,1.7,0.1,0.5,-,3.6,1.5,0.4,1.2,-,1.0,0.0,-,1.6,,,,,,,,,,,,,,,,,,,,,,,,,,,,,,
192,Unnamed: 192,Math/ Computer Science*,21.0,7.5,8.3,23.2,6.6,7.3,5.2,13.6,41.2,12.8,13.5,7.9,7.1,-,3.4,-,7.1,29.4,14.7,19.6,-,12.3,13.8,7.4,18.4,-,14.2,8.2,-,21.5,,,,,,,,,,,,,,,,,,,,,,,,,,,,,,
193,Unnamed: 193,Physical/ Life Sciences*,15.6,10.2,10.1,9.8,10.4,5.8,7.2,8.4,5.6,7.5,12.9,9.0,5.2,-,6.3,-,11.4,17.6,16.5,10.4,-,6.9,8.2,7.5,10.4,-,9.2,9.0,-,9.6,,,,,,,,,,,,,,,,,,,,,,,,,,,,,,
194,Unnamed: 194,Social Sciences,5.8,11.5,11.2,11.2,10.4,9.7,12.8,13.7,2.5,10.6,4.0,12.9,11.2,-,5.4,-,10.0,5.0,7.4,10.2,-,5.3,11.3,7.7,6.0,-,13.6,15.0,-,5.9,,,,,,,,,,,,,,,,,,,,,,,,,,,,,,
195,Unnamed: 195,Other Fields of Study,5.7,18.2,14.9,11.8,15.9,19.8,27.3,17.2,6.7,14.2,5.7,17.6,21.3,-,6.5,-,14.2,9.8,12.0,10.9,-,11.7,13.7,18.7,11.3,-,10.3,21.0,-,10.3,,,,,,,,,,,,,,,,,,,,,,,,,,,,,,
196,Unnamed: 196,Undeclared,1.0,2.2,3.2,2.8,1.6,5.1,3.9,3.9,0.7,2.3,0.3,2.7,4.2,-,1.4,-,2.7,1.3,0.9,2.6,-,1.1,3.2,3.2,1.8,-,2.4,4.2,-,2.8,,,,,,,,,,,,,,,,,,,,,,,,,,,,,,
